-- Очистка старых данных (опционально)
DELETE FROM recipe_tags;
DELETE FROM recipe_ingredients;
DELETE FROM recipe_steps;
DELETE FROM recipes;
DELETE FROM ingredients;

-- Ингредиенты
INSERT OR IGNORE INTO ingredients (id, name, icon_url, category, created_at) VALUES (1, 'Спагетти', 'spaghetti_16x16.png', 'Макароны', '2024-01-01 00:00:00');
INSERT OR IGNORE INTO ingredients (id, name, icon_url, category, created_at) VALUES (2, 'Фарш говяжий', 'beef_16x16.png', 'Мясо', '2024-01-01 00:00:00');
INSERT OR IGNORE INTO ingredients (id, name, icon_url, category, created_at) VALUES (3, 'Помидор', 'tomato_16x16.png', 'Овощи', '2024-01-01 00:00:00');
INSERT OR IGNORE INTO ingredients (id, name, icon_url, category, created_at) VALUES (4, 'Лук', 'onion_16x16.png', 'Овощи', '2024-01-01 00:00:00');
INSERT OR IGNORE INTO ingredients (id, name, icon_url, category, created_at) VALUES (5, 'Чеснок', 'garlic_16x16.png', 'Овощи', '2024-01-01 00:00:00');
INSERT OR IGNORE INTO ingredients (id, name, icon_url, category, created_at) VALUES (6, 'Морковь', 'carrot_16x16.png', 'Овощи', '2024-01-01 00:00:00');
INSERT OR IGNORE INTO ingredients (id, name, icon_url, category, created_at) VALUES (7, 'Картофель', 'potato_16x16.png', 'Овощи', '2024-01-01 00:00:00');
INSERT OR IGNORE INTO ingredients (id, name, icon_url, category, created_at) VALUES (8, 'Молоко', 'milk_16x16.png', 'Молочка', '2024-01-01 00:00:00');
INSERT OR IGNORE INTO ingredients (id, name, icon_url, category, created_at) VALUES (9, 'Яйцо', 'egg_16x16.png', 'Молочка', '2024-01-01 00:00:00');
INSERT OR IGNORE INTO ingredients (id, name, icon_url, category, created_at) VALUES (10, 'Мука', 'flour_16x16.png', 'Бакалея', '2024-01-01 00:00:00');
INSERT OR IGNORE INTO ingredients (id, name, icon_url, category, created_at) VALUES (11, 'Сахар', 'sugar_16x16.png', 'Бакалея', '2024-01-01 00:00:00');
INSERT OR IGNORE INTO ingredients (id, name, icon_url, category, created_at) VALUES (12, 'Соль', 'salt_16x16.png', 'Специи', '2024-01-01 00:00:00');
INSERT OR IGNORE INTO ingredients (id, name, icon_url, category, created_at) VALUES (13, 'Перец', 'pepper_16x16.png', 'Специи', '2024-01-01 00:00:00');
INSERT OR IGNORE INTO ingredients (id, name, icon_url, category, created_at) VALUES (14, 'Подсолнечное масло', 'oil_16x16.png', 'Бакалея', '2024-01-01 00:00:00');
INSERT OR IGNORE INTO ingredients (id, name, icon_url, category, created_at) VALUES (15, 'Сыр', 'cheese_16x16.png', 'Молочка', '2024-01-01 00:00:00');
INSERT OR IGNORE INTO ingredients (id, name, icon_url, category, created_at) VALUES (16, 'Грибы', 'mushroom_16x16.png', 'Овощи', '2024-01-01 00:00:00');
INSERT OR IGNORE INTO ingredients (id, name, icon_url, category, created_at) VALUES (17, 'Курица', 'chicken_16x16.png', 'Мясо', '2024-01-01 00:00:00');
INSERT OR IGNORE INTO ingredients (id, name, icon_url, category, created_at) VALUES (18, 'Рис', 'rice_16x16.png', 'Бакалея', '2024-01-01 00:00:00');
INSERT OR IGNORE INTO ingredients (id, name, icon_url, category, created_at) VALUES (19, 'Лосось', 'salmon_16x16.png', 'Рыба', '2024-01-01 00:00:00');
INSERT OR IGNORE INTO ingredients (id, name, icon_url, category, created_at) VALUES (20, 'Креветки', 'shrimp_16x16.png', 'Морепродукты', '2024-01-01 00:00:00');
INSERT OR IGNORE INTO ingredients (id, name, icon_url, category, created_at) VALUES (21, 'Авокадо', 'avocado_16x16.png', 'Овощи', '2024-01-01 00:00:00');
INSERT OR IGNORE INTO ingredients (id, name, icon_url, category, created_at) VALUES (22, 'Бекон', 'bacon_16x16.png', 'Мясо', '2024-01-01 00:00:00');
INSERT OR IGNORE INTO ingredients (id, name, icon_url, category, created_at) VALUES (23, 'Сметана', 'sourcream_16x16.png', 'Молочка', '2024-01-01 00:00:00');
INSERT OR IGNORE INTO ingredients (id, name, icon_url, category, created_at) VALUES (24, 'Капуста', 'cabbage_16x16.png', 'Овощи', '2024-01-01 00:00:00');
INSERT OR IGNORE INTO ingredients (id, name, icon_url, category, created_at) VALUES (25, 'Свёкла', 'beet_16x16.png', 'Овощи', '2024-01-01 00:00:00');
INSERT OR IGNORE INTO ingredients (id, name, icon_url, category, created_at) VALUES (26, 'Тофу', 'tofu_16x16.png', 'Веган', '2024-01-01 00:00:00');
INSERT OR IGNORE INTO ingredients (id, name, icon_url, category, created_at) VALUES (27, 'Мисо паста', 'miso_16x16.png', 'Бакалея', '2024-01-01 00:00:00');
INSERT OR IGNORE INTO ingredients (id, name, icon_url, category, created_at) VALUES (28, 'Кокосовое молоко', 'coconutmilk_16x16.png', 'Молочка', '2024-01-01 00:00:00');
INSERT OR IGNORE INTO ingredients (id, name, icon_url, category, created_at) VALUES (29, 'Карри', 'curry_16x16.png', 'Специи', '2024-01-01 00:00:00');
INSERT OR IGNORE INTO ingredients (id, name, icon_url, category, created_at) VALUES (30, 'Баклажан', 'eggplant_16x16.png', 'Овощи', '2024-01-01 00:00:00');
INSERT OR IGNORE INTO ingredients (id, name, icon_url, category, created_at) VALUES (31, 'Цукини', 'zucchini_16x16.png', 'Овощи', '2024-01-01 00:00:00');
INSERT OR IGNORE INTO ingredients (id, name, icon_url, category, created_at) VALUES (32, 'Базилик', 'basil_16x16.png', 'Специи', '2024-01-01 00:00:00');
INSERT OR IGNORE INTO ingredients (id, name, icon_url, category, created_at) VALUES (33, 'Орегано', 'oregano_16x16.png', 'Специи', '2024-01-01 00:00:00');
INSERT OR IGNORE INTO ingredients (id, name, icon_url, category, created_at) VALUES (34, 'Тимьян', 'thyme_16x16.png', 'Специи', '2024-01-01 00:00:00');
INSERT OR IGNORE INTO ingredients (id, name, icon_url, category, created_at) VALUES (35, 'Оливковое масло', 'oliveoil_16x16.png', 'Бакалея', '2024-01-01 00:00:00');
INSERT OR IGNORE INTO ingredients (id, name, icon_url, category, created_at) VALUES (36, 'Лимон', 'lemon_16x16.png', 'Фрукты', '2024-01-01 00:00:00');
INSERT OR IGNORE INTO ingredients (id, name, icon_url, category, created_at) VALUES (37, 'Лайм', 'lime_16x16.png', 'Фрукты', '2024-01-01 00:00:00');
INSERT OR IGNORE INTO ingredients (id, name, icon_url, category, created_at) VALUES (38, 'Имбирь', 'ginger_16x16.png', 'Специи', '2024-01-01 00:00:00');
INSERT OR IGNORE INTO ingredients (id, name, icon_url, category, created_at) VALUES (39, 'Соевый соус', 'soysauce_16x16.png', 'Бакалея', '2024-01-01 00:00:00');
INSERT OR IGNORE INTO ingredients (id, name, icon_url, category, created_at) VALUES (40, 'Кунжут', 'sesame_16x16.png', 'Специи', '2024-01-01 00:00:00');
INSERT OR IGNORE INTO ingredients (id, name, icon_url, category, created_at) VALUES (41, 'Мёд', 'honey_16x16.png', 'Бакалея', '2024-01-01 00:00:00');
INSERT OR IGNORE INTO ingredients (id, name, icon_url, category, created_at) VALUES (42, 'Горчица', 'mustard_16x16.png', 'Специи', '2024-01-01 00:00:00');
INSERT OR IGNORE INTO ingredients (id, name, icon_url, category, created_at) VALUES (43, 'Уксус', 'vinegar_16x16.png', 'Бакалея', '2024-01-01 00:00:00');
INSERT OR IGNORE INTO ingredients (id, name, icon_url, category, created_at) VALUES (44, 'Томатная паста', 'tomatopaste_16x16.png', 'Бакалея', '2024-01-01 00:00:00');
INSERT OR IGNORE INTO ingredients (id, name, icon_url, category, created_at) VALUES (45, 'Сливки', 'cream_16x16.png', 'Молочка', '2024-01-01 00:00:00');
INSERT OR IGNORE INTO ingredients (id, name, icon_url, category, created_at) VALUES (46, 'Маскарпоне', 'mascarpone_16x16.png', 'Молочка', '2024-01-01 00:00:00');
INSERT OR IGNORE INTO ingredients (id, name, icon_url, category, created_at) VALUES (47, 'Пармезан', 'parmesan_16x16.png', 'Молочка', '2024-01-01 00:00:00');
INSERT OR IGNORE INTO ingredients (id, name, icon_url, category, created_at) VALUES (48, 'Моцарелла', 'mozzarella_16x16.png', 'Молочка', '2024-01-01 00:00:00');
INSERT OR IGNORE INTO ingredients (id, name, icon_url, category, created_at) VALUES (49, 'Фета', 'feta_16x16.png', 'Молочка', '2024-01-01 00:00:00');
INSERT OR IGNORE INTO ingredients (id, name, icon_url, category, created_at) VALUES (50, 'Рикотта', 'ricotta_16x16.png', 'Молочка', '2024-01-01 00:00:00');

-- Рецепты
INSERT INTO recipes (user_id, title, description, category_id, prep_time, difficulty, servings, emoji, image_url, is_public) VALUES (1, 'Пицца Маргарита', 'Классическая итальянская пицца с моцареллой и базиликом', (SELECT id FROM categories WHERE name = 'Супы'), 40, 3, 3, '🍕', 'nan', true);
INSERT INTO recipes (user_id, title, description, category_id, prep_time, difficulty, servings, emoji, image_url, is_public) VALUES (1, 'Роллы Филадельфия', 'Роллы с лососем, сыром и огурцом', (SELECT id FROM categories WHERE name = 'Супы'), 50, 5, 3, '🍣', 'nan', true);
INSERT INTO recipes (user_id, title, description, category_id, prep_time, difficulty, servings, emoji, image_url, is_public) VALUES (1, 'Борщ', 'Классический украинский борщ со сметаной', (SELECT id FROM categories WHERE name = 'Мясо'), 90, 1, 6, '🥣', 'nan', true);
INSERT INTO recipes (user_id, title, description, category_id, prep_time, difficulty, servings, emoji, image_url, is_public) VALUES (1, 'Цезарь с курицей', 'Салат с курицей, сыром и соусом Цезарь', (SELECT id FROM categories WHERE name = 'Итальянская'), 25, 3, 6, '🥗', 'nan', true);
INSERT INTO recipes (user_id, title, description, category_id, prep_time, difficulty, servings, emoji, image_url, is_public) VALUES (1, 'Спагетти Карбонара', 'Паста с беконом, яйцом и сыром пармезан', (SELECT id FROM categories WHERE name = 'Мясо'), 35, 1, 4, '🍝', 'nan', true);
INSERT INTO recipes (user_id, title, description, category_id, prep_time, difficulty, servings, emoji, image_url, is_public) VALUES (1, 'Куриные наггетсы', 'Хрустящие куриные наггетсы в панировке', (SELECT id FROM categories WHERE name = 'Супы'), 30, 3, 2, '🍗', 'nan', true);
INSERT INTO recipes (user_id, title, description, category_id, prep_time, difficulty, servings, emoji, image_url, is_public) VALUES (1, 'Тирамису', 'Итальянский десерт с маскарпоне и кофе', (SELECT id FROM categories WHERE name = 'Русская'), 45, 5, 3, '🍔', 'nan', true);
INSERT INTO recipes (user_id, title, description, category_id, prep_time, difficulty, servings, emoji, image_url, is_public) VALUES (1, 'Уха', 'Русская рыбная похлёбка', (SELECT id FROM categories WHERE name = 'Салаты'), 60, 1, 2, '🌮', 'nan', true);
INSERT INTO recipes (user_id, title, description, category_id, prep_time, difficulty, servings, emoji, image_url, is_public) VALUES (1, 'Греческий салат', 'Салат с фетой, оливками и овощами', (SELECT id FROM categories WHERE name = 'Японская'), 15, 1, 3, '🥞', 'nan', true);
INSERT INTO recipes (user_id, title, description, category_id, prep_time, difficulty, servings, emoji, image_url, is_public) VALUES (1, 'Стейк Рибай', 'Говяжий стейк средней прожарки', (SELECT id FROM categories WHERE name = 'Веган'), 25, 1, 3, '🍰', 'nan', true);
INSERT INTO recipes (user_id, title, description, category_id, prep_time, difficulty, servings, emoji, image_url, is_public) VALUES (1, 'Пельмени', 'Домашние пельмени с мясом', (SELECT id FROM categories WHERE name = 'Веган'), 120, 3, 4, '🍪', 'nan', true);
INSERT INTO recipes (user_id, title, description, category_id, prep_time, difficulty, servings, emoji, image_url, is_public) VALUES (1, 'Суши с тунцом', 'Классические суши с тунцом', (SELECT id FROM categories WHERE name = 'Салаты'), 40, 1, 4, '🍩', 'nan', true);
INSERT INTO recipes (user_id, title, description, category_id, prep_time, difficulty, servings, emoji, image_url, is_public) VALUES (1, 'Шарлотка', 'Яблочный пирог с корицей', (SELECT id FROM categories WHERE name = 'Быстрое'), 50, 5, 6, '🍜', 'nan', true);
INSERT INTO recipes (user_id, title, description, category_id, prep_time, difficulty, servings, emoji, image_url, is_public) VALUES (1, 'Окрошка', 'Холодный суп на кефире', (SELECT id FROM categories WHERE name = 'Десерты'), 20, 1, 2, '🍛', 'nan', true);
INSERT INTO recipes (user_id, title, description, category_id, prep_time, difficulty, servings, emoji, image_url, is_public) VALUES (1, 'Капрезе', 'Салат с моцареллой и томатами', (SELECT id FROM categories WHERE name = 'Веган'), 10, 3, 4, '🍤', 'nan', true);
INSERT INTO recipes (user_id, title, description, category_id, prep_time, difficulty, servings, emoji, image_url, is_public) VALUES (1, 'Плов', 'Узбекский плов с бараниной', (SELECT id FROM categories WHERE name = 'Азиатская'), 90, 3, 3, '🥘', 'nan', true);
INSERT INTO recipes (user_id, title, description, category_id, prep_time, difficulty, servings, emoji, image_url, is_public) VALUES (1, 'Блины', 'Тонкие блины на молоке', (SELECT id FROM categories WHERE name = 'Японская'), 40, 3, 4, '🍲', 'nan', true);
INSERT INTO recipes (user_id, title, description, category_id, prep_time, difficulty, servings, emoji, image_url, is_public) VALUES (1, 'Рамен', 'Японский суп с лапшой и яйцом', (SELECT id FROM categories WHERE name = 'Азиатская'), 60, 5, 6, '🥙', 'nan', true);
INSERT INTO recipes (user_id, title, description, category_id, prep_time, difficulty, servings, emoji, image_url, is_public) VALUES (1, 'Том Ям', 'Тайский острый суп с креветками', (SELECT id FROM categories WHERE name = 'Азиатская'), 45, 3, 4, '🌯', 'nan', true);
INSERT INTO recipes (user_id, title, description, category_id, prep_time, difficulty, servings, emoji, image_url, is_public) VALUES (1, 'Фалафель', 'Жареные шарики из нута', (SELECT id FROM categories WHERE name = 'Супы'), 35, 5, 6, '🍱', 'nan', true);
INSERT INTO recipes (user_id, title, description, category_id, prep_time, difficulty, servings, emoji, image_url, is_public) VALUES (1, 'Лазанья', 'Слоёная запеканка с фаршем', (SELECT id FROM categories WHERE name = 'Японская'), 70, 1, 4, '🥡', 'nan', true);
INSERT INTO recipes (user_id, title, description, category_id, prep_time, difficulty, servings, emoji, image_url, is_public) VALUES (1, 'Пад Тай', 'Тайская жареная лапша', (SELECT id FROM categories WHERE name = 'Десерты'), 40, 1, 2, '🍚', 'nan', true);
INSERT INTO recipes (user_id, title, description, category_id, prep_time, difficulty, servings, emoji, image_url, is_public) VALUES (1, 'Чизкейк', 'Нью-йоркский чизкейк', (SELECT id FROM categories WHERE name = 'Русская'), 50, 1, 6, '🍘', 'nan', true);
INSERT INTO recipes (user_id, title, description, category_id, prep_time, difficulty, servings, emoji, image_url, is_public) VALUES (1, 'Минестроне', 'Итальянский овощной суп', (SELECT id FROM categories WHERE name = 'Русская'), 35, 1, 6, '🍙', 'nan', true);
INSERT INTO recipes (user_id, title, description, category_id, prep_time, difficulty, servings, emoji, image_url, is_public) VALUES (1, 'Кобб салат', 'Американский салат с авокадо', (SELECT id FROM categories WHERE name = 'Быстрое'), 20, 3, 2, '🍢', 'nan', true);
INSERT INTO recipes (user_id, title, description, category_id, prep_time, difficulty, servings, emoji, image_url, is_public) VALUES (1, 'Бефстроганов', 'Говядина в сметанном соусе', (SELECT id FROM categories WHERE name = 'Салаты'), 45, 1, 6, '🍡', 'nan', true);
INSERT INTO recipes (user_id, title, description, category_id, prep_time, difficulty, servings, emoji, image_url, is_public) VALUES (1, 'Манты', 'Паровые пирожки с мясом', (SELECT id FROM categories WHERE name = 'Быстрое'), 100, 1, 2, '🍧', 'nan', true);
INSERT INTO recipes (user_id, title, description, category_id, prep_time, difficulty, servings, emoji, image_url, is_public) VALUES (1, 'Фо Бо', 'Вьетнамский суп с говядиной', (SELECT id FROM categories WHERE name = 'Быстрое'), 50, 1, 6, '🍨', 'nan', true);
INSERT INTO recipes (user_id, title, description, category_id, prep_time, difficulty, servings, emoji, image_url, is_public) VALUES (1, 'Рататуй', 'Французское овощное рагу', (SELECT id FROM categories WHERE name = 'Быстрое'), 60, 1, 6, '🍦', 'nan', true);
INSERT INTO recipes (user_id, title, description, category_id, prep_time, difficulty, servings, emoji, image_url, is_public) VALUES (1, 'Чуррос', 'Испанские сахарные палочки', (SELECT id FROM categories WHERE name = 'Веган'), 30, 5, 6, '🥧', 'nan', true);
INSERT INTO recipes (user_id, title, description, category_id, prep_time, difficulty, servings, emoji, image_url, is_public) VALUES (1, 'Гаспачо', 'Испанский холодный томатный суп', (SELECT id FROM categories WHERE name = 'Итальянская'), 15, 3, 4, '🧁', 'nan', true);
INSERT INTO recipes (user_id, title, description, category_id, prep_time, difficulty, servings, emoji, image_url, is_public) VALUES (1, 'Нисуаз', 'Салат с тунцом и яйцом', (SELECT id FROM categories WHERE name = 'Быстрое'), 25, 3, 2, '🍮', 'nan', true);
INSERT INTO recipes (user_id, title, description, category_id, prep_time, difficulty, servings, emoji, image_url, is_public) VALUES (1, 'Шашлык', 'Маринованное мясо на гриле', (SELECT id FROM categories WHERE name = 'Азиатская'), 180, 3, 3, '🍭', 'nan', true);
INSERT INTO recipes (user_id, title, description, category_id, prep_time, difficulty, servings, emoji, image_url, is_public) VALUES (1, 'Вареники', 'Украинские вареники с картошкой', (SELECT id FROM categories WHERE name = 'Салаты'), 90, 1, 6, '🍬', 'nan', true);
INSERT INTO recipes (user_id, title, description, category_id, prep_time, difficulty, servings, emoji, image_url, is_public) VALUES (1, 'Мисо суп', 'Японский суп с тофу', (SELECT id FROM categories WHERE name = 'Десерты'), 20, 1, 3, '🍫', 'nan', true);
INSERT INTO recipes (user_id, title, description, category_id, prep_time, difficulty, servings, emoji, image_url, is_public) VALUES (1, 'Фрикадельки', 'Шведские мясные шарики', (SELECT id FROM categories WHERE name = 'Японская'), 40, 1, 2, '🍿', 'nan', true);
INSERT INTO recipes (user_id, title, description, category_id, prep_time, difficulty, servings, emoji, image_url, is_public) VALUES (1, 'Тако', 'Мексиканские лепёшки с фаршем', (SELECT id FROM categories WHERE name = 'Супы'), 25, 5, 2, '🥓', 'nan', true);
INSERT INTO recipes (user_id, title, description, category_id, prep_time, difficulty, servings, emoji, image_url, is_public) VALUES (1, 'Паэлья', 'Испанский рис с морепродуктами', (SELECT id FROM categories WHERE name = 'Десерты'), 50, 3, 6, '🥩', 'nan', true);
INSERT INTO recipes (user_id, title, description, category_id, prep_time, difficulty, servings, emoji, image_url, is_public) VALUES (1, 'Крем-брюле', 'Французский десерт с карамелью', (SELECT id FROM categories WHERE name = 'Японская'), 40, 3, 4, '🍖', 'nan', true);
INSERT INTO recipes (user_id, title, description, category_id, prep_time, difficulty, servings, emoji, image_url, is_public) VALUES (1, 'Солянка', 'Русская мясная сборная солянка', (SELECT id FROM categories WHERE name = 'Веган'), 60, 5, 4, '🍗', 'nan', true);
INSERT INTO recipes (user_id, title, description, category_id, prep_time, difficulty, servings, emoji, image_url, is_public) VALUES (1, 'Табуле', 'Ливанский салат с булгуром', (SELECT id FROM categories WHERE name = 'Итальянская'), 15, 3, 3, '🦴', 'nan', true);
INSERT INTO recipes (user_id, title, description, category_id, prep_time, difficulty, servings, emoji, image_url, is_public) VALUES (1, 'Кебаб', 'Турецкое мясо на вертеле', (SELECT id FROM categories WHERE name = 'Русская'), 30, 1, 3, '🌭', 'nan', true);
INSERT INTO recipes (user_id, title, description, category_id, prep_time, difficulty, servings, emoji, image_url, is_public) VALUES (1, 'Хачапури', 'Грузинский сырный хлеб', (SELECT id FROM categories WHERE name = 'Итальянская'), 50, 1, 3, '🥪', 'nan', true);
INSERT INTO recipes (user_id, title, description, category_id, prep_time, difficulty, servings, emoji, image_url, is_public) VALUES (1, 'Фондю', 'Швейцарский расплавленный сыр', (SELECT id FROM categories WHERE name = 'Супы'), 20, 5, 4, '🌮', 'nan', true);
INSERT INTO recipes (user_id, title, description, category_id, prep_time, difficulty, servings, emoji, image_url, is_public) VALUES (1, 'Гуляш', 'Венгерское мясо в паприке', (SELECT id FROM categories WHERE name = 'Супы'), 70, 3, 3, '🌯', 'nan', true);
INSERT INTO recipes (user_id, title, description, category_id, prep_time, difficulty, servings, emoji, image_url, is_public) VALUES (1, 'Мусака', 'Греческая запеканка с баклажанами', (SELECT id FROM categories WHERE name = 'Русская'), 80, 1, 4, '🥚', 'nan', true);
INSERT INTO recipes (user_id, title, description, category_id, prep_time, difficulty, servings, emoji, image_url, is_public) VALUES (1, 'Каннеллони', 'Фаршированные макароны с рикоттой', (SELECT id FROM categories WHERE name = 'Салаты'), 60, 3, 4, '🍳', 'nan', true);
INSERT INTO recipes (user_id, title, description, category_id, prep_time, difficulty, servings, emoji, image_url, is_public) VALUES (1, 'Самоса', 'Индийские пирожки с карри', (SELECT id FROM categories WHERE name = 'Салаты'), 45, 1, 6, '🥘', 'nan', true);
INSERT INTO recipes (user_id, title, description, category_id, prep_time, difficulty, servings, emoji, image_url, is_public) VALUES (1, 'Эклеры', 'Французские пирожные с кремом', (SELECT id FROM categories WHERE name = 'Десерты'), 50, 3, 4, '🍲', 'nan', true);
INSERT INTO recipes (user_id, title, description, category_id, prep_time, difficulty, servings, emoji, image_url, is_public) VALUES (1, 'Харчо', 'Грузинский суп с говядиной', (SELECT id FROM categories WHERE name = 'Азиатская'), 55, 5, 2, '🥣', 'nan', true);
INSERT INTO recipes (user_id, title, description, category_id, prep_time, difficulty, servings, emoji, image_url, is_public) VALUES (1, 'Баклава', 'Турецкая сладость с орехами', (SELECT id FROM categories WHERE name = 'Веган'), 90, 1, 4, '🍕', 'nan', true);

-- Связи рецепт-ингредиент
INSERT INTO recipe_ingredients (recipe_id, ingredient_id, quantity, unit, slot_position) VALUES (1, 9, 232.26, 'шт', 1);
INSERT INTO recipe_ingredients (recipe_id, ingredient_id, quantity, unit, slot_position) VALUES (1, 21, 154.54, 'ч.л', 2);
INSERT INTO recipe_ingredients (recipe_id, ingredient_id, quantity, unit, slot_position) VALUES (1, 19, 192.04, 'ст.л', 3);
INSERT INTO recipe_ingredients (recipe_id, ingredient_id, quantity, unit, slot_position) VALUES (1, 27, 228.24, 'ч.л', 4);
INSERT INTO recipe_ingredients (recipe_id, ingredient_id, quantity, unit, slot_position) VALUES (1, 38, 434.9, 'шт', 5);
INSERT INTO recipe_ingredients (recipe_id, ingredient_id, quantity, unit, slot_position) VALUES (1, 29, 141.84, 'ч.л', 6);
INSERT INTO recipe_ingredients (recipe_id, ingredient_id, quantity, unit, slot_position) VALUES (2, 44, 300.39, 'ст.л', 1);
INSERT INTO recipe_ingredients (recipe_id, ingredient_id, quantity, unit, slot_position) VALUES (2, 40, 300.01, 'ст.л', 2);
INSERT INTO recipe_ingredients (recipe_id, ingredient_id, quantity, unit, slot_position) VALUES (2, 39, 418.75, 'мл', 3);
INSERT INTO recipe_ingredients (recipe_id, ingredient_id, quantity, unit, slot_position) VALUES (2, 35, 257.87, 'ч.л', 4);
INSERT INTO recipe_ingredients (recipe_id, ingredient_id, quantity, unit, slot_position) VALUES (3, 5, 205.58, 'шт', 1);
INSERT INTO recipe_ingredients (recipe_id, ingredient_id, quantity, unit, slot_position) VALUES (3, 39, 81.35, 'шт', 2);
INSERT INTO recipe_ingredients (recipe_id, ingredient_id, quantity, unit, slot_position) VALUES (3, 47, 439.7, 'мл', 3);
INSERT INTO recipe_ingredients (recipe_id, ingredient_id, quantity, unit, slot_position) VALUES (4, 2, 378.7, 'ст.л', 1);
INSERT INTO recipe_ingredients (recipe_id, ingredient_id, quantity, unit, slot_position) VALUES (4, 8, 117.41, 'шт', 2);
INSERT INTO recipe_ingredients (recipe_id, ingredient_id, quantity, unit, slot_position) VALUES (4, 5, 147.24, 'шт', 3);
INSERT INTO recipe_ingredients (recipe_id, ingredient_id, quantity, unit, slot_position) VALUES (4, 39, 115.82, 'мл', 4);
INSERT INTO recipe_ingredients (recipe_id, ingredient_id, quantity, unit, slot_position) VALUES (4, 15, 329.96, 'шт', 5);
INSERT INTO recipe_ingredients (recipe_id, ingredient_id, quantity, unit, slot_position) VALUES (5, 33, 220.03, 'шт', 1);
INSERT INTO recipe_ingredients (recipe_id, ingredient_id, quantity, unit, slot_position) VALUES (5, 23, 119.68, 'мл', 2);
INSERT INTO recipe_ingredients (recipe_id, ingredient_id, quantity, unit, slot_position) VALUES (5, 19, 468.53, 'мл', 3);
INSERT INTO recipe_ingredients (recipe_id, ingredient_id, quantity, unit, slot_position) VALUES (5, 25, 120.36, 'г', 4);
INSERT INTO recipe_ingredients (recipe_id, ingredient_id, quantity, unit, slot_position) VALUES (6, 40, 166.58, 'мл', 1);
INSERT INTO recipe_ingredients (recipe_id, ingredient_id, quantity, unit, slot_position) VALUES (6, 28, 285.11, 'шт', 2);
INSERT INTO recipe_ingredients (recipe_id, ingredient_id, quantity, unit, slot_position) VALUES (6, 38, 418.65, 'мл', 3);
INSERT INTO recipe_ingredients (recipe_id, ingredient_id, quantity, unit, slot_position) VALUES (6, 7, 149.9, 'мл', 4);
INSERT INTO recipe_ingredients (recipe_id, ingredient_id, quantity, unit, slot_position) VALUES (6, 3, 114.19, 'ст.л', 5);
INSERT INTO recipe_ingredients (recipe_id, ingredient_id, quantity, unit, slot_position) VALUES (7, 14, 159.42, 'ч.л', 1);
INSERT INTO recipe_ingredients (recipe_id, ingredient_id, quantity, unit, slot_position) VALUES (7, 38, 256.62, 'г', 2);
INSERT INTO recipe_ingredients (recipe_id, ingredient_id, quantity, unit, slot_position) VALUES (7, 16, 457.75, 'г', 3);
INSERT INTO recipe_ingredients (recipe_id, ingredient_id, quantity, unit, slot_position) VALUES (8, 5, 452.38, 'мл', 1);
INSERT INTO recipe_ingredients (recipe_id, ingredient_id, quantity, unit, slot_position) VALUES (8, 24, 341.84, 'ч.л', 2);
INSERT INTO recipe_ingredients (recipe_id, ingredient_id, quantity, unit, slot_position) VALUES (8, 44, 222.51, 'г', 3);
INSERT INTO recipe_ingredients (recipe_id, ingredient_id, quantity, unit, slot_position) VALUES (8, 20, 120.26, 'ч.л', 4);
INSERT INTO recipe_ingredients (recipe_id, ingredient_id, quantity, unit, slot_position) VALUES (8, 15, 127.69, 'ст.л', 5);
INSERT INTO recipe_ingredients (recipe_id, ingredient_id, quantity, unit, slot_position) VALUES (8, 32, 123.03, 'ч.л', 6);
INSERT INTO recipe_ingredients (recipe_id, ingredient_id, quantity, unit, slot_position) VALUES (9, 26, 397.02, 'мл', 1);
INSERT INTO recipe_ingredients (recipe_id, ingredient_id, quantity, unit, slot_position) VALUES (9, 24, 408.52, 'ст.л', 2);
INSERT INTO recipe_ingredients (recipe_id, ingredient_id, quantity, unit, slot_position) VALUES (9, 33, 170.83, 'г', 3);
INSERT INTO recipe_ingredients (recipe_id, ingredient_id, quantity, unit, slot_position) VALUES (9, 20, 141.97, 'шт', 4);
INSERT INTO recipe_ingredients (recipe_id, ingredient_id, quantity, unit, slot_position) VALUES (9, 48, 251.12, 'шт', 5);
INSERT INTO recipe_ingredients (recipe_id, ingredient_id, quantity, unit, slot_position) VALUES (9, 15, 118.17, 'г', 6);
INSERT INTO recipe_ingredients (recipe_id, ingredient_id, quantity, unit, slot_position) VALUES (10, 2, 421.51, 'мл', 1);
INSERT INTO recipe_ingredients (recipe_id, ingredient_id, quantity, unit, slot_position) VALUES (10, 13, 248.84, 'шт', 2);
INSERT INTO recipe_ingredients (recipe_id, ingredient_id, quantity, unit, slot_position) VALUES (10, 9, 108.95, 'ст.л', 3);
INSERT INTO recipe_ingredients (recipe_id, ingredient_id, quantity, unit, slot_position) VALUES (10, 34, 401.58, 'шт', 4);
INSERT INTO recipe_ingredients (recipe_id, ingredient_id, quantity, unit, slot_position) VALUES (11, 26, 132.6, 'ч.л', 1);
INSERT INTO recipe_ingredients (recipe_id, ingredient_id, quantity, unit, slot_position) VALUES (11, 16, 286.71, 'г', 2);
INSERT INTO recipe_ingredients (recipe_id, ingredient_id, quantity, unit, slot_position) VALUES (11, 48, 418.41, 'ст.л', 3);
INSERT INTO recipe_ingredients (recipe_id, ingredient_id, quantity, unit, slot_position) VALUES (12, 7, 178.68, 'шт', 1);
INSERT INTO recipe_ingredients (recipe_id, ingredient_id, quantity, unit, slot_position) VALUES (12, 34, 129.34, 'г', 2);
INSERT INTO recipe_ingredients (recipe_id, ingredient_id, quantity, unit, slot_position) VALUES (12, 20, 315.64, 'г', 3);
INSERT INTO recipe_ingredients (recipe_id, ingredient_id, quantity, unit, slot_position) VALUES (12, 29, 183.7, 'ч.л', 4);
INSERT INTO recipe_ingredients (recipe_id, ingredient_id, quantity, unit, slot_position) VALUES (12, 21, 268.49, 'мл', 5);
INSERT INTO recipe_ingredients (recipe_id, ingredient_id, quantity, unit, slot_position) VALUES (13, 30, 349.14, 'мл', 1);
INSERT INTO recipe_ingredients (recipe_id, ingredient_id, quantity, unit, slot_position) VALUES (13, 14, 414.68, 'ст.л', 2);
INSERT INTO recipe_ingredients (recipe_id, ingredient_id, quantity, unit, slot_position) VALUES (13, 35, 461.62, 'г', 3);
INSERT INTO recipe_ingredients (recipe_id, ingredient_id, quantity, unit, slot_position) VALUES (14, 21, 67.92, 'г', 1);
INSERT INTO recipe_ingredients (recipe_id, ingredient_id, quantity, unit, slot_position) VALUES (14, 24, 343.28, 'г', 2);
INSERT INTO recipe_ingredients (recipe_id, ingredient_id, quantity, unit, slot_position) VALUES (14, 38, 371.66, 'ч.л', 3);
INSERT INTO recipe_ingredients (recipe_id, ingredient_id, quantity, unit, slot_position) VALUES (15, 38, 251.99, 'ч.л', 1);
INSERT INTO recipe_ingredients (recipe_id, ingredient_id, quantity, unit, slot_position) VALUES (15, 27, 277.7, 'мл', 2);
INSERT INTO recipe_ingredients (recipe_id, ingredient_id, quantity, unit, slot_position) VALUES (15, 31, 177.74, 'г', 3);
INSERT INTO recipe_ingredients (recipe_id, ingredient_id, quantity, unit, slot_position) VALUES (16, 49, 223.35, 'шт', 1);
INSERT INTO recipe_ingredients (recipe_id, ingredient_id, quantity, unit, slot_position) VALUES (16, 10, 54.7, 'ч.л', 2);
INSERT INTO recipe_ingredients (recipe_id, ingredient_id, quantity, unit, slot_position) VALUES (16, 2, 488.51, 'ч.л', 3);
INSERT INTO recipe_ingredients (recipe_id, ingredient_id, quantity, unit, slot_position) VALUES (16, 26, 212.37, 'г', 4);
INSERT INTO recipe_ingredients (recipe_id, ingredient_id, quantity, unit, slot_position) VALUES (17, 2, 71.46, 'мл', 1);
INSERT INTO recipe_ingredients (recipe_id, ingredient_id, quantity, unit, slot_position) VALUES (17, 26, 122.21, 'шт', 2);
INSERT INTO recipe_ingredients (recipe_id, ingredient_id, quantity, unit, slot_position) VALUES (17, 30, 449.97, 'ч.л', 3);
INSERT INTO recipe_ingredients (recipe_id, ingredient_id, quantity, unit, slot_position) VALUES (17, 41, 495.19, 'ч.л', 4);
INSERT INTO recipe_ingredients (recipe_id, ingredient_id, quantity, unit, slot_position) VALUES (18, 3, 407.04, 'ч.л', 1);
INSERT INTO recipe_ingredients (recipe_id, ingredient_id, quantity, unit, slot_position) VALUES (18, 19, 389.81, 'мл', 2);
INSERT INTO recipe_ingredients (recipe_id, ingredient_id, quantity, unit, slot_position) VALUES (18, 16, 476.74, 'ч.л', 3);
INSERT INTO recipe_ingredients (recipe_id, ingredient_id, quantity, unit, slot_position) VALUES (18, 20, 74.58, 'мл', 4);
INSERT INTO recipe_ingredients (recipe_id, ingredient_id, quantity, unit, slot_position) VALUES (19, 24, 188.13, 'ч.л', 1);
INSERT INTO recipe_ingredients (recipe_id, ingredient_id, quantity, unit, slot_position) VALUES (19, 9, 360.64, 'мл', 2);
INSERT INTO recipe_ingredients (recipe_id, ingredient_id, quantity, unit, slot_position) VALUES (19, 23, 478.07, 'мл', 3);
INSERT INTO recipe_ingredients (recipe_id, ingredient_id, quantity, unit, slot_position) VALUES (19, 31, 59.81, 'г', 4);
INSERT INTO recipe_ingredients (recipe_id, ingredient_id, quantity, unit, slot_position) VALUES (19, 14, 488.14, 'ч.л', 5);
INSERT INTO recipe_ingredients (recipe_id, ingredient_id, quantity, unit, slot_position) VALUES (19, 35, 92.42, 'ч.л', 6);
INSERT INTO recipe_ingredients (recipe_id, ingredient_id, quantity, unit, slot_position) VALUES (20, 19, 70.42, 'г', 1);
INSERT INTO recipe_ingredients (recipe_id, ingredient_id, quantity, unit, slot_position) VALUES (20, 29, 112.13, 'мл', 2);
INSERT INTO recipe_ingredients (recipe_id, ingredient_id, quantity, unit, slot_position) VALUES (20, 33, 334.06, 'шт', 3);
INSERT INTO recipe_ingredients (recipe_id, ingredient_id, quantity, unit, slot_position) VALUES (20, 41, 208.13, 'ч.л', 4);
INSERT INTO recipe_ingredients (recipe_id, ingredient_id, quantity, unit, slot_position) VALUES (20, 24, 74.83, 'мл', 5);
INSERT INTO recipe_ingredients (recipe_id, ingredient_id, quantity, unit, slot_position) VALUES (20, 43, 187.14, 'г', 6);
INSERT INTO recipe_ingredients (recipe_id, ingredient_id, quantity, unit, slot_position) VALUES (21, 8, 158.1, 'ст.л', 1);
INSERT INTO recipe_ingredients (recipe_id, ingredient_id, quantity, unit, slot_position) VALUES (21, 30, 414.75, 'мл', 2);
INSERT INTO recipe_ingredients (recipe_id, ingredient_id, quantity, unit, slot_position) VALUES (21, 6, 492.38, 'шт', 3);
INSERT INTO recipe_ingredients (recipe_id, ingredient_id, quantity, unit, slot_position) VALUES (21, 45, 247.54, 'шт', 4);
INSERT INTO recipe_ingredients (recipe_id, ingredient_id, quantity, unit, slot_position) VALUES (22, 43, 408.35, 'ч.л', 1);
INSERT INTO recipe_ingredients (recipe_id, ingredient_id, quantity, unit, slot_position) VALUES (22, 40, 347.62, 'г', 2);
INSERT INTO recipe_ingredients (recipe_id, ingredient_id, quantity, unit, slot_position) VALUES (22, 42, 235.0, 'шт', 3);
INSERT INTO recipe_ingredients (recipe_id, ingredient_id, quantity, unit, slot_position) VALUES (23, 1, 203.0, 'мл', 1);
INSERT INTO recipe_ingredients (recipe_id, ingredient_id, quantity, unit, slot_position) VALUES (23, 43, 271.05, 'шт', 2);
INSERT INTO recipe_ingredients (recipe_id, ingredient_id, quantity, unit, slot_position) VALUES (23, 14, 58.3, 'шт', 3);
INSERT INTO recipe_ingredients (recipe_id, ingredient_id, quantity, unit, slot_position) VALUES (23, 26, 316.37, 'ч.л', 4);
INSERT INTO recipe_ingredients (recipe_id, ingredient_id, quantity, unit, slot_position) VALUES (23, 49, 469.61, 'ч.л', 5);
INSERT INTO recipe_ingredients (recipe_id, ingredient_id, quantity, unit, slot_position) VALUES (24, 27, 89.17, 'ч.л', 1);
INSERT INTO recipe_ingredients (recipe_id, ingredient_id, quantity, unit, slot_position) VALUES (24, 6, 320.22, 'г', 2);
INSERT INTO recipe_ingredients (recipe_id, ingredient_id, quantity, unit, slot_position) VALUES (24, 28, 203.06, 'ст.л', 3);
INSERT INTO recipe_ingredients (recipe_id, ingredient_id, quantity, unit, slot_position) VALUES (24, 18, 164.7, 'г', 4);
INSERT INTO recipe_ingredients (recipe_id, ingredient_id, quantity, unit, slot_position) VALUES (24, 13, 156.64, 'мл', 5);
INSERT INTO recipe_ingredients (recipe_id, ingredient_id, quantity, unit, slot_position) VALUES (25, 50, 421.14, 'г', 1);
INSERT INTO recipe_ingredients (recipe_id, ingredient_id, quantity, unit, slot_position) VALUES (25, 14, 360.08, 'г', 2);
INSERT INTO recipe_ingredients (recipe_id, ingredient_id, quantity, unit, slot_position) VALUES (25, 17, 89.89, 'г', 3);
INSERT INTO recipe_ingredients (recipe_id, ingredient_id, quantity, unit, slot_position) VALUES (25, 33, 376.31, 'ст.л', 4);
INSERT INTO recipe_ingredients (recipe_id, ingredient_id, quantity, unit, slot_position) VALUES (25, 9, 369.08, 'г', 5);
INSERT INTO recipe_ingredients (recipe_id, ingredient_id, quantity, unit, slot_position) VALUES (26, 29, 171.03, 'ст.л', 1);
INSERT INTO recipe_ingredients (recipe_id, ingredient_id, quantity, unit, slot_position) VALUES (26, 17, 116.13, 'ст.л', 2);
INSERT INTO recipe_ingredients (recipe_id, ingredient_id, quantity, unit, slot_position) VALUES (26, 39, 464.45, 'шт', 3);
INSERT INTO recipe_ingredients (recipe_id, ingredient_id, quantity, unit, slot_position) VALUES (26, 3, 174.01, 'мл', 4);
INSERT INTO recipe_ingredients (recipe_id, ingredient_id, quantity, unit, slot_position) VALUES (27, 6, 62.66, 'ч.л', 1);
INSERT INTO recipe_ingredients (recipe_id, ingredient_id, quantity, unit, slot_position) VALUES (27, 44, 385.35, 'ч.л', 2);
INSERT INTO recipe_ingredients (recipe_id, ingredient_id, quantity, unit, slot_position) VALUES (27, 16, 385.94, 'шт', 3);
INSERT INTO recipe_ingredients (recipe_id, ingredient_id, quantity, unit, slot_position) VALUES (28, 22, 188.66, 'шт', 1);
INSERT INTO recipe_ingredients (recipe_id, ingredient_id, quantity, unit, slot_position) VALUES (28, 10, 388.31, 'шт', 2);
INSERT INTO recipe_ingredients (recipe_id, ingredient_id, quantity, unit, slot_position) VALUES (28, 1, 213.24, 'ч.л', 3);
INSERT INTO recipe_ingredients (recipe_id, ingredient_id, quantity, unit, slot_position) VALUES (28, 19, 330.6, 'г', 4);
INSERT INTO recipe_ingredients (recipe_id, ingredient_id, quantity, unit, slot_position) VALUES (28, 14, 243.18, 'ч.л', 5);
INSERT INTO recipe_ingredients (recipe_id, ingredient_id, quantity, unit, slot_position) VALUES (29, 25, 445.52, 'ч.л', 1);
INSERT INTO recipe_ingredients (recipe_id, ingredient_id, quantity, unit, slot_position) VALUES (29, 48, 143.32, 'ч.л', 2);
INSERT INTO recipe_ingredients (recipe_id, ingredient_id, quantity, unit, slot_position) VALUES (29, 27, 167.73, 'ст.л', 3);
INSERT INTO recipe_ingredients (recipe_id, ingredient_id, quantity, unit, slot_position) VALUES (29, 45, 313.72, 'мл', 4);
INSERT INTO recipe_ingredients (recipe_id, ingredient_id, quantity, unit, slot_position) VALUES (30, 45, 239.23, 'ч.л', 1);
INSERT INTO recipe_ingredients (recipe_id, ingredient_id, quantity, unit, slot_position) VALUES (30, 1, 66.27, 'мл', 2);
INSERT INTO recipe_ingredients (recipe_id, ingredient_id, quantity, unit, slot_position) VALUES (30, 34, 160.0, 'шт', 3);
INSERT INTO recipe_ingredients (recipe_id, ingredient_id, quantity, unit, slot_position) VALUES (30, 27, 229.24, 'г', 4);
INSERT INTO recipe_ingredients (recipe_id, ingredient_id, quantity, unit, slot_position) VALUES (30, 48, 112.64, 'ст.л', 5);
INSERT INTO recipe_ingredients (recipe_id, ingredient_id, quantity, unit, slot_position) VALUES (31, 30, 315.91, 'шт', 1);
INSERT INTO recipe_ingredients (recipe_id, ingredient_id, quantity, unit, slot_position) VALUES (31, 40, 154.94, 'г', 2);
INSERT INTO recipe_ingredients (recipe_id, ingredient_id, quantity, unit, slot_position) VALUES (31, 37, 264.11, 'ст.л', 3);
INSERT INTO recipe_ingredients (recipe_id, ingredient_id, quantity, unit, slot_position) VALUES (31, 13, 274.58, 'ч.л', 4);
INSERT INTO recipe_ingredients (recipe_id, ingredient_id, quantity, unit, slot_position) VALUES (31, 26, 115.86, 'ст.л', 5);
INSERT INTO recipe_ingredients (recipe_id, ingredient_id, quantity, unit, slot_position) VALUES (32, 25, 78.78, 'ст.л', 1);
INSERT INTO recipe_ingredients (recipe_id, ingredient_id, quantity, unit, slot_position) VALUES (32, 1, 238.93, 'г', 2);
INSERT INTO recipe_ingredients (recipe_id, ingredient_id, quantity, unit, slot_position) VALUES (32, 19, 61.99, 'мл', 3);
INSERT INTO recipe_ingredients (recipe_id, ingredient_id, quantity, unit, slot_position) VALUES (32, 27, 133.56, 'г', 4);
INSERT INTO recipe_ingredients (recipe_id, ingredient_id, quantity, unit, slot_position) VALUES (32, 15, 62.48, 'ст.л', 5);
INSERT INTO recipe_ingredients (recipe_id, ingredient_id, quantity, unit, slot_position) VALUES (33, 41, 288.41, 'ст.л', 1);
INSERT INTO recipe_ingredients (recipe_id, ingredient_id, quantity, unit, slot_position) VALUES (33, 5, 426.68, 'шт', 2);
INSERT INTO recipe_ingredients (recipe_id, ingredient_id, quantity, unit, slot_position) VALUES (33, 44, 116.96, 'мл', 3);
INSERT INTO recipe_ingredients (recipe_id, ingredient_id, quantity, unit, slot_position) VALUES (33, 1, 140.68, 'шт', 4);
INSERT INTO recipe_ingredients (recipe_id, ingredient_id, quantity, unit, slot_position) VALUES (33, 35, 359.36, 'ст.л', 5);
INSERT INTO recipe_ingredients (recipe_id, ingredient_id, quantity, unit, slot_position) VALUES (33, 36, 72.65, 'шт', 6);
INSERT INTO recipe_ingredients (recipe_id, ingredient_id, quantity, unit, slot_position) VALUES (34, 4, 98.26, 'г', 1);
INSERT INTO recipe_ingredients (recipe_id, ingredient_id, quantity, unit, slot_position) VALUES (34, 24, 429.57, 'мл', 2);
INSERT INTO recipe_ingredients (recipe_id, ingredient_id, quantity, unit, slot_position) VALUES (34, 34, 459.01, 'шт', 3);
INSERT INTO recipe_ingredients (recipe_id, ingredient_id, quantity, unit, slot_position) VALUES (34, 26, 349.99, 'мл', 4);
INSERT INTO recipe_ingredients (recipe_id, ingredient_id, quantity, unit, slot_position) VALUES (35, 29, 485.0, 'ч.л', 1);
INSERT INTO recipe_ingredients (recipe_id, ingredient_id, quantity, unit, slot_position) VALUES (35, 43, 118.24, 'шт', 2);
INSERT INTO recipe_ingredients (recipe_id, ingredient_id, quantity, unit, slot_position) VALUES (35, 27, 312.99, 'г', 3);
INSERT INTO recipe_ingredients (recipe_id, ingredient_id, quantity, unit, slot_position) VALUES (35, 49, 350.31, 'мл', 4);
INSERT INTO recipe_ingredients (recipe_id, ingredient_id, quantity, unit, slot_position) VALUES (35, 11, 499.53, 'шт', 5);
INSERT INTO recipe_ingredients (recipe_id, ingredient_id, quantity, unit, slot_position) VALUES (36, 21, 296.3, 'ст.л', 1);
INSERT INTO recipe_ingredients (recipe_id, ingredient_id, quantity, unit, slot_position) VALUES (36, 16, 86.49, 'шт', 2);
INSERT INTO recipe_ingredients (recipe_id, ingredient_id, quantity, unit, slot_position) VALUES (36, 43, 300.79, 'г', 3);
INSERT INTO recipe_ingredients (recipe_id, ingredient_id, quantity, unit, slot_position) VALUES (36, 5, 92.62, 'ч.л', 4);
INSERT INTO recipe_ingredients (recipe_id, ingredient_id, quantity, unit, slot_position) VALUES (36, 37, 482.58, 'шт', 5);
INSERT INTO recipe_ingredients (recipe_id, ingredient_id, quantity, unit, slot_position) VALUES (37, 29, 221.22, 'мл', 1);
INSERT INTO recipe_ingredients (recipe_id, ingredient_id, quantity, unit, slot_position) VALUES (37, 16, 97.14, 'шт', 2);
INSERT INTO recipe_ingredients (recipe_id, ingredient_id, quantity, unit, slot_position) VALUES (37, 7, 76.37, 'ст.л', 3);
INSERT INTO recipe_ingredients (recipe_id, ingredient_id, quantity, unit, slot_position) VALUES (38, 42, 335.72, 'ч.л', 1);
INSERT INTO recipe_ingredients (recipe_id, ingredient_id, quantity, unit, slot_position) VALUES (38, 34, 99.08, 'г', 2);
INSERT INTO recipe_ingredients (recipe_id, ingredient_id, quantity, unit, slot_position) VALUES (38, 47, 471.87, 'ст.л', 3);
INSERT INTO recipe_ingredients (recipe_id, ingredient_id, quantity, unit, slot_position) VALUES (38, 1, 473.02, 'мл', 4);
INSERT INTO recipe_ingredients (recipe_id, ingredient_id, quantity, unit, slot_position) VALUES (38, 28, 477.36, 'шт', 5);
INSERT INTO recipe_ingredients (recipe_id, ingredient_id, quantity, unit, slot_position) VALUES (38, 40, 291.77, 'г', 6);
INSERT INTO recipe_ingredients (recipe_id, ingredient_id, quantity, unit, slot_position) VALUES (39, 11, 128.51, 'мл', 1);
INSERT INTO recipe_ingredients (recipe_id, ingredient_id, quantity, unit, slot_position) VALUES (39, 22, 234.78, 'шт', 2);
INSERT INTO recipe_ingredients (recipe_id, ingredient_id, quantity, unit, slot_position) VALUES (39, 36, 96.17, 'шт', 3);
INSERT INTO recipe_ingredients (recipe_id, ingredient_id, quantity, unit, slot_position) VALUES (40, 39, 484.68, 'шт', 1);
INSERT INTO recipe_ingredients (recipe_id, ingredient_id, quantity, unit, slot_position) VALUES (40, 24, 155.24, 'шт', 2);
INSERT INTO recipe_ingredients (recipe_id, ingredient_id, quantity, unit, slot_position) VALUES (40, 14, 388.91, 'мл', 3);
INSERT INTO recipe_ingredients (recipe_id, ingredient_id, quantity, unit, slot_position) VALUES (40, 19, 376.51, 'мл', 4);
INSERT INTO recipe_ingredients (recipe_id, ingredient_id, quantity, unit, slot_position) VALUES (40, 48, 434.16, 'г', 5);
INSERT INTO recipe_ingredients (recipe_id, ingredient_id, quantity, unit, slot_position) VALUES (41, 31, 243.56, 'ст.л', 1);
INSERT INTO recipe_ingredients (recipe_id, ingredient_id, quantity, unit, slot_position) VALUES (41, 43, 205.51, 'г', 2);
INSERT INTO recipe_ingredients (recipe_id, ingredient_id, quantity, unit, slot_position) VALUES (41, 17, 210.67, 'ст.л', 3);
INSERT INTO recipe_ingredients (recipe_id, ingredient_id, quantity, unit, slot_position) VALUES (41, 30, 59.22, 'ч.л', 4);
INSERT INTO recipe_ingredients (recipe_id, ingredient_id, quantity, unit, slot_position) VALUES (41, 2, 341.98, 'мл', 5);
INSERT INTO recipe_ingredients (recipe_id, ingredient_id, quantity, unit, slot_position) VALUES (41, 15, 119.88, 'шт', 6);
INSERT INTO recipe_ingredients (recipe_id, ingredient_id, quantity, unit, slot_position) VALUES (42, 7, 68.51, 'ч.л', 1);
INSERT INTO recipe_ingredients (recipe_id, ingredient_id, quantity, unit, slot_position) VALUES (42, 10, 337.15, 'шт', 2);
INSERT INTO recipe_ingredients (recipe_id, ingredient_id, quantity, unit, slot_position) VALUES (42, 34, 73.7, 'ст.л', 3);
INSERT INTO recipe_ingredients (recipe_id, ingredient_id, quantity, unit, slot_position) VALUES (43, 40, 207.33, 'мл', 1);
INSERT INTO recipe_ingredients (recipe_id, ingredient_id, quantity, unit, slot_position) VALUES (43, 22, 475.75, 'ст.л', 2);
INSERT INTO recipe_ingredients (recipe_id, ingredient_id, quantity, unit, slot_position) VALUES (43, 13, 77.68, 'шт', 3);
INSERT INTO recipe_ingredients (recipe_id, ingredient_id, quantity, unit, slot_position) VALUES (43, 44, 135.69, 'ч.л', 4);
INSERT INTO recipe_ingredients (recipe_id, ingredient_id, quantity, unit, slot_position) VALUES (43, 11, 416.49, 'шт', 5);
INSERT INTO recipe_ingredients (recipe_id, ingredient_id, quantity, unit, slot_position) VALUES (43, 28, 283.53, 'мл', 6);
INSERT INTO recipe_ingredients (recipe_id, ingredient_id, quantity, unit, slot_position) VALUES (44, 28, 60.01, 'шт', 1);
INSERT INTO recipe_ingredients (recipe_id, ingredient_id, quantity, unit, slot_position) VALUES (44, 11, 309.95, 'шт', 2);
INSERT INTO recipe_ingredients (recipe_id, ingredient_id, quantity, unit, slot_position) VALUES (44, 37, 418.68, 'мл', 3);
INSERT INTO recipe_ingredients (recipe_id, ingredient_id, quantity, unit, slot_position) VALUES (44, 30, 214.75, 'мл', 4);
INSERT INTO recipe_ingredients (recipe_id, ingredient_id, quantity, unit, slot_position) VALUES (45, 39, 443.32, 'ст.л', 1);
INSERT INTO recipe_ingredients (recipe_id, ingredient_id, quantity, unit, slot_position) VALUES (45, 1, 433.83, 'ч.л', 2);
INSERT INTO recipe_ingredients (recipe_id, ingredient_id, quantity, unit, slot_position) VALUES (45, 22, 75.89, 'г', 3);
INSERT INTO recipe_ingredients (recipe_id, ingredient_id, quantity, unit, slot_position) VALUES (46, 22, 271.09, 'г', 1);
INSERT INTO recipe_ingredients (recipe_id, ingredient_id, quantity, unit, slot_position) VALUES (46, 42, 252.57, 'шт', 2);
INSERT INTO recipe_ingredients (recipe_id, ingredient_id, quantity, unit, slot_position) VALUES (46, 43, 76.18, 'ст.л', 3);
INSERT INTO recipe_ingredients (recipe_id, ingredient_id, quantity, unit, slot_position) VALUES (47, 28, 221.49, 'мл', 1);
INSERT INTO recipe_ingredients (recipe_id, ingredient_id, quantity, unit, slot_position) VALUES (47, 46, 468.1, 'г', 2);
INSERT INTO recipe_ingredients (recipe_id, ingredient_id, quantity, unit, slot_position) VALUES (47, 16, 163.77, 'мл', 3);
INSERT INTO recipe_ingredients (recipe_id, ingredient_id, quantity, unit, slot_position) VALUES (47, 50, 138.89, 'ст.л', 4);
INSERT INTO recipe_ingredients (recipe_id, ingredient_id, quantity, unit, slot_position) VALUES (47, 40, 300.68, 'ч.л', 5);
INSERT INTO recipe_ingredients (recipe_id, ingredient_id, quantity, unit, slot_position) VALUES (48, 35, 207.05, 'мл', 1);
INSERT INTO recipe_ingredients (recipe_id, ingredient_id, quantity, unit, slot_position) VALUES (48, 23, 416.62, 'ч.л', 2);
INSERT INTO recipe_ingredients (recipe_id, ingredient_id, quantity, unit, slot_position) VALUES (48, 34, 75.79, 'мл', 3);
INSERT INTO recipe_ingredients (recipe_id, ingredient_id, quantity, unit, slot_position) VALUES (48, 50, 459.44, 'шт', 4);
INSERT INTO recipe_ingredients (recipe_id, ingredient_id, quantity, unit, slot_position) VALUES (48, 15, 392.63, 'ст.л', 5);
INSERT INTO recipe_ingredients (recipe_id, ingredient_id, quantity, unit, slot_position) VALUES (49, 46, 245.98, 'ч.л', 1);
INSERT INTO recipe_ingredients (recipe_id, ingredient_id, quantity, unit, slot_position) VALUES (49, 30, 51.35, 'шт', 2);
INSERT INTO recipe_ingredients (recipe_id, ingredient_id, quantity, unit, slot_position) VALUES (49, 28, 273.46, 'г', 3);
INSERT INTO recipe_ingredients (recipe_id, ingredient_id, quantity, unit, slot_position) VALUES (49, 39, 158.0, 'ч.л', 4);
INSERT INTO recipe_ingredients (recipe_id, ingredient_id, quantity, unit, slot_position) VALUES (50, 5, 221.22, 'г', 1);
INSERT INTO recipe_ingredients (recipe_id, ingredient_id, quantity, unit, slot_position) VALUES (50, 32, 342.22, 'ч.л', 2);
INSERT INTO recipe_ingredients (recipe_id, ingredient_id, quantity, unit, slot_position) VALUES (50, 39, 312.02, 'ст.л', 3);
INSERT INTO recipe_ingredients (recipe_id, ingredient_id, quantity, unit, slot_position) VALUES (51, 6, 434.04, 'мл', 1);
INSERT INTO recipe_ingredients (recipe_id, ingredient_id, quantity, unit, slot_position) VALUES (51, 24, 271.86, 'г', 2);
INSERT INTO recipe_ingredients (recipe_id, ingredient_id, quantity, unit, slot_position) VALUES (51, 8, 163.34, 'мл', 3);
INSERT INTO recipe_ingredients (recipe_id, ingredient_id, quantity, unit, slot_position) VALUES (51, 47, 120.5, 'шт', 4);
INSERT INTO recipe_ingredients (recipe_id, ingredient_id, quantity, unit, slot_position) VALUES (51, 3, 183.59, 'г', 5);

-- Теги для рецептов
INSERT OR IGNORE INTO recipe_tags (recipe_id, tag_id) SELECT 1, id FROM tags WHERE name = 'диетическая';
INSERT OR IGNORE INTO recipe_tags (recipe_id, tag_id) SELECT 1, id FROM tags WHERE name = 'салат';
INSERT OR IGNORE INTO recipe_tags (recipe_id, tag_id) SELECT 2, id FROM tags WHERE name = 'сладкая';
INSERT OR IGNORE INTO recipe_tags (recipe_id, tag_id) SELECT 2, id FROM tags WHERE name = 'десерт';
INSERT OR IGNORE INTO recipe_tags (recipe_id, tag_id) SELECT 3, id FROM tags WHERE name = 'домашняя';
INSERT OR IGNORE INTO recipe_tags (recipe_id, tag_id) SELECT 3, id FROM tags WHERE name = 'с курицей';
INSERT OR IGNORE INTO recipe_tags (recipe_id, tag_id) SELECT 4, id FROM tags WHERE name = 'запечённая';
INSERT OR IGNORE INTO recipe_tags (recipe_id, tag_id) SELECT 4, id FROM tags WHERE name = 'с сыром';
INSERT OR IGNORE INTO recipe_tags (recipe_id, tag_id) SELECT 5, id FROM tags WHERE name = 'суп';
INSERT OR IGNORE INTO recipe_tags (recipe_id, tag_id) SELECT 5, id FROM tags WHERE name = 'с овощами';
INSERT OR IGNORE INTO recipe_tags (recipe_id, tag_id) SELECT 6, id FROM tags WHERE name = 'веганская';
INSERT OR IGNORE INTO recipe_tags (recipe_id, tag_id) SELECT 6, id FROM tags WHERE name = 'полезная';
INSERT OR IGNORE INTO recipe_tags (recipe_id, tag_id) SELECT 7, id FROM tags WHERE name = 'праздничная';
INSERT OR IGNORE INTO recipe_tags (recipe_id, tag_id) SELECT 7, id FROM tags WHERE name = 'мясная';
INSERT OR IGNORE INTO recipe_tags (recipe_id, tag_id) SELECT 8, id FROM tags WHERE name = 'азиатская';
INSERT OR IGNORE INTO recipe_tags (recipe_id, tag_id) SELECT 8, id FROM tags WHERE name = 'острая';
INSERT OR IGNORE INTO recipe_tags (recipe_id, tag_id) SELECT 9, id FROM tags WHERE name = 'диетическая';
INSERT OR IGNORE INTO recipe_tags (recipe_id, tag_id) SELECT 9, id FROM tags WHERE name = 'салат';
INSERT OR IGNORE INTO recipe_tags (recipe_id, tag_id) SELECT 10, id FROM tags WHERE name = 'запечённая';
INSERT OR IGNORE INTO recipe_tags (recipe_id, tag_id) SELECT 10, id FROM tags WHERE name = 'с сыром';
INSERT OR IGNORE INTO recipe_tags (recipe_id, tag_id) SELECT 11, id FROM tags WHERE name = 'быстрая';
INSERT OR IGNORE INTO recipe_tags (recipe_id, tag_id) SELECT 11, id FROM tags WHERE name = 'с курицей';
INSERT OR IGNORE INTO recipe_tags (recipe_id, tag_id) SELECT 12, id FROM tags WHERE name = 'диетическая';
INSERT OR IGNORE INTO recipe_tags (recipe_id, tag_id) SELECT 12, id FROM tags WHERE name = 'салат';
INSERT OR IGNORE INTO recipe_tags (recipe_id, tag_id) SELECT 13, id FROM tags WHERE name = 'рыбная';
INSERT OR IGNORE INTO recipe_tags (recipe_id, tag_id) SELECT 13, id FROM tags WHERE name = 'полезная';
INSERT OR IGNORE INTO recipe_tags (recipe_id, tag_id) SELECT 14, id FROM tags WHERE name = 'сладкая';
INSERT OR IGNORE INTO recipe_tags (recipe_id, tag_id) SELECT 14, id FROM tags WHERE name = 'десерт';
INSERT OR IGNORE INTO recipe_tags (recipe_id, tag_id) SELECT 15, id FROM tags WHERE name = 'итальянская';
INSERT OR IGNORE INTO recipe_tags (recipe_id, tag_id) SELECT 15, id FROM tags WHERE name = 'паста';
INSERT OR IGNORE INTO recipe_tags (recipe_id, tag_id) SELECT 16, id FROM tags WHERE name = 'вегетарианская';
INSERT OR IGNORE INTO recipe_tags (recipe_id, tag_id) SELECT 16, id FROM tags WHERE name = 'с овощами';
INSERT OR IGNORE INTO recipe_tags (recipe_id, tag_id) SELECT 17, id FROM tags WHERE name = 'японское';
INSERT OR IGNORE INTO recipe_tags (recipe_id, tag_id) SELECT 17, id FROM tags WHERE name = 'морепродукты';
INSERT OR IGNORE INTO recipe_tags (recipe_id, tag_id) SELECT 18, id FROM tags WHERE name = 'домашняя';
INSERT OR IGNORE INTO recipe_tags (recipe_id, tag_id) SELECT 18, id FROM tags WHERE name = 'с курицей';
INSERT OR IGNORE INTO recipe_tags (recipe_id, tag_id) SELECT 19, id FROM tags WHERE name = 'сладкая';
INSERT OR IGNORE INTO recipe_tags (recipe_id, tag_id) SELECT 19, id FROM tags WHERE name = 'десерт';
INSERT OR IGNORE INTO recipe_tags (recipe_id, tag_id) SELECT 20, id FROM tags WHERE name = 'завтрак';
INSERT OR IGNORE INTO recipe_tags (recipe_id, tag_id) SELECT 20, id FROM tags WHERE name = 'быстрая';
INSERT OR IGNORE INTO recipe_tags (recipe_id, tag_id) SELECT 21, id FROM tags WHERE name = 'салат';
INSERT OR IGNORE INTO recipe_tags (recipe_id, tag_id) SELECT 21, id FROM tags WHERE name = 'с овощами';
INSERT OR IGNORE INTO recipe_tags (recipe_id, tag_id) SELECT 22, id FROM tags WHERE name = 'праздничная';
INSERT OR IGNORE INTO recipe_tags (recipe_id, tag_id) SELECT 22, id FROM tags WHERE name = 'мясная';
INSERT OR IGNORE INTO recipe_tags (recipe_id, tag_id) SELECT 23, id FROM tags WHERE name = 'гриль';
INSERT OR IGNORE INTO recipe_tags (recipe_id, tag_id) SELECT 23, id FROM tags WHERE name = 'мясная';
INSERT OR IGNORE INTO recipe_tags (recipe_id, tag_id) SELECT 24, id FROM tags WHERE name = 'японское';
INSERT OR IGNORE INTO recipe_tags (recipe_id, tag_id) SELECT 24, id FROM tags WHERE name = 'морепродукты';
INSERT OR IGNORE INTO recipe_tags (recipe_id, tag_id) SELECT 25, id FROM tags WHERE name = 'веганская';
INSERT OR IGNORE INTO recipe_tags (recipe_id, tag_id) SELECT 25, id FROM tags WHERE name = 'полезная';
INSERT OR IGNORE INTO recipe_tags (recipe_id, tag_id) SELECT 26, id FROM tags WHERE name = 'морепродукты';
INSERT OR IGNORE INTO recipe_tags (recipe_id, tag_id) SELECT 26, id FROM tags WHERE name = 'рис';
INSERT OR IGNORE INTO recipe_tags (recipe_id, tag_id) SELECT 27, id FROM tags WHERE name = 'морепродукты';
INSERT OR IGNORE INTO recipe_tags (recipe_id, tag_id) SELECT 27, id FROM tags WHERE name = 'рис';
INSERT OR IGNORE INTO recipe_tags (recipe_id, tag_id) SELECT 28, id FROM tags WHERE name = 'морепродукты';
INSERT OR IGNORE INTO recipe_tags (recipe_id, tag_id) SELECT 28, id FROM tags WHERE name = 'рис';
INSERT OR IGNORE INTO recipe_tags (recipe_id, tag_id) SELECT 29, id FROM tags WHERE name = 'салат';
INSERT OR IGNORE INTO recipe_tags (recipe_id, tag_id) SELECT 29, id FROM tags WHERE name = 'с овощами';
INSERT OR IGNORE INTO recipe_tags (recipe_id, tag_id) SELECT 30, id FROM tags WHERE name = 'азиатская';
INSERT OR IGNORE INTO recipe_tags (recipe_id, tag_id) SELECT 30, id FROM tags WHERE name = 'острая';
INSERT OR IGNORE INTO recipe_tags (recipe_id, tag_id) SELECT 31, id FROM tags WHERE name = 'суп';
INSERT OR IGNORE INTO recipe_tags (recipe_id, tag_id) SELECT 31, id FROM tags WHERE name = 'с овощами';
INSERT OR IGNORE INTO recipe_tags (recipe_id, tag_id) SELECT 32, id FROM tags WHERE name = 'азиатская';
INSERT OR IGNORE INTO recipe_tags (recipe_id, tag_id) SELECT 32, id FROM tags WHERE name = 'острая';
INSERT OR IGNORE INTO recipe_tags (recipe_id, tag_id) SELECT 33, id FROM tags WHERE name = 'вегетарианская';
INSERT OR IGNORE INTO recipe_tags (recipe_id, tag_id) SELECT 33, id FROM tags WHERE name = 'с овощами';
INSERT OR IGNORE INTO recipe_tags (recipe_id, tag_id) SELECT 34, id FROM tags WHERE name = 'запечённая';
INSERT OR IGNORE INTO recipe_tags (recipe_id, tag_id) SELECT 34, id FROM tags WHERE name = 'с сыром';
INSERT OR IGNORE INTO recipe_tags (recipe_id, tag_id) SELECT 35, id FROM tags WHERE name = 'суп';
INSERT OR IGNORE INTO recipe_tags (recipe_id, tag_id) SELECT 35, id FROM tags WHERE name = 'с овощами';
INSERT OR IGNORE INTO recipe_tags (recipe_id, tag_id) SELECT 36, id FROM tags WHERE name = 'жареная';
INSERT OR IGNORE INTO recipe_tags (recipe_id, tag_id) SELECT 36, id FROM tags WHERE name = 'быстрая';
INSERT OR IGNORE INTO recipe_tags (recipe_id, tag_id) SELECT 37, id FROM tags WHERE name = 'японское';
INSERT OR IGNORE INTO recipe_tags (recipe_id, tag_id) SELECT 37, id FROM tags WHERE name = 'морепродукты';
INSERT OR IGNORE INTO recipe_tags (recipe_id, tag_id) SELECT 38, id FROM tags WHERE name = 'сладкая';
INSERT OR IGNORE INTO recipe_tags (recipe_id, tag_id) SELECT 38, id FROM tags WHERE name = 'десерт';
INSERT OR IGNORE INTO recipe_tags (recipe_id, tag_id) SELECT 39, id FROM tags WHERE name = 'салат';
INSERT OR IGNORE INTO recipe_tags (recipe_id, tag_id) SELECT 39, id FROM tags WHERE name = 'с овощами';
INSERT OR IGNORE INTO recipe_tags (recipe_id, tag_id) SELECT 40, id FROM tags WHERE name = 'быстрая';
INSERT OR IGNORE INTO recipe_tags (recipe_id, tag_id) SELECT 40, id FROM tags WHERE name = 'с курицей';
INSERT OR IGNORE INTO recipe_tags (recipe_id, tag_id) SELECT 41, id FROM tags WHERE name = 'домашняя';
INSERT OR IGNORE INTO recipe_tags (recipe_id, tag_id) SELECT 41, id FROM tags WHERE name = 'с курицей';
INSERT OR IGNORE INTO recipe_tags (recipe_id, tag_id) SELECT 42, id FROM tags WHERE name = 'домашняя';
INSERT OR IGNORE INTO recipe_tags (recipe_id, tag_id) SELECT 42, id FROM tags WHERE name = 'с курицей';
INSERT OR IGNORE INTO recipe_tags (recipe_id, tag_id) SELECT 43, id FROM tags WHERE name = 'запечённая';
INSERT OR IGNORE INTO recipe_tags (recipe_id, tag_id) SELECT 43, id FROM tags WHERE name = 'с сыром';
INSERT OR IGNORE INTO recipe_tags (recipe_id, tag_id) SELECT 44, id FROM tags WHERE name = 'быстрая';
INSERT OR IGNORE INTO recipe_tags (recipe_id, tag_id) SELECT 44, id FROM tags WHERE name = 'с курицей';
INSERT OR IGNORE INTO recipe_tags (recipe_id, tag_id) SELECT 45, id FROM tags WHERE name = 'быстрая';
INSERT OR IGNORE INTO recipe_tags (recipe_id, tag_id) SELECT 45, id FROM tags WHERE name = 'с курицей';
INSERT OR IGNORE INTO recipe_tags (recipe_id, tag_id) SELECT 46, id FROM tags WHERE name = 'мясная';
INSERT OR IGNORE INTO recipe_tags (recipe_id, tag_id) SELECT 46, id FROM tags WHERE name = 'домашняя';
INSERT OR IGNORE INTO recipe_tags (recipe_id, tag_id) SELECT 47, id FROM tags WHERE name = 'итальянская';
INSERT OR IGNORE INTO recipe_tags (recipe_id, tag_id) SELECT 47, id FROM tags WHERE name = 'паста';
INSERT OR IGNORE INTO recipe_tags (recipe_id, tag_id) SELECT 48, id FROM tags WHERE name = 'жареная';
INSERT OR IGNORE INTO recipe_tags (recipe_id, tag_id) SELECT 48, id FROM tags WHERE name = 'быстрая';
INSERT OR IGNORE INTO recipe_tags (recipe_id, tag_id) SELECT 49, id FROM tags WHERE name = 'жареная';
INSERT OR IGNORE INTO recipe_tags (recipe_id, tag_id) SELECT 49, id FROM tags WHERE name = 'быстрая';
INSERT OR IGNORE INTO recipe_tags (recipe_id, tag_id) SELECT 50, id FROM tags WHERE name = 'азиатская';
INSERT OR IGNORE INTO recipe_tags (recipe_id, tag_id) SELECT 50, id FROM tags WHERE name = 'острая';
INSERT OR IGNORE INTO recipe_tags (recipe_id, tag_id) SELECT 51, id FROM tags WHERE name = 'завтрак';
INSERT OR IGNORE INTO recipe_tags (recipe_id, tag_id) SELECT 51, id FROM tags WHERE name = 'быстрая';